uf;sigla_regional;nome_regional;cidade_polo;municipio
PR;ASSOMEC;Associação dos Municípios da Região Metropolitana de Curitiba;Curitiba;Adrianópolis
PR;ASSOMEC;Associação dos Municípios da Região Metropolitana de Curitiba;Curitiba;Almirante Tamandaré
PR;ASSOMEC;Associação dos Municípios da Região Metropolitana de Curitiba;Curitiba;Araucária
PR;ASSOMEC;Associação dos Municípios da Região Metropolitana de Curitiba;Curitiba;Balsa Nova
PR;ASSOMEC;Associação dos Municípios da Região Metropolitana de Curitiba;Curitiba;Bocaiúva do Sul
PR;ASSOMEC;Associação dos Municípios da Região Metropolitana de Curitiba;Curitiba;Campina Grande do Sul
PR;ASSOMEC;Associação dos Municípios da Região Metropolitana de Curitiba;Curitiba;Campo Largo
PR;ASSOMEC;Associação dos Municípios da Região Metropolitana de Curitiba;Curitiba;Campo Magro
PR;ASSOMEC;Associação dos Municípios da Região Metropolitana de Curitiba;Curitiba;Cerro Azul
PR;ASSOMEC;Associação dos Municípios da Região Metropolitana de Curitiba;Curitiba;Colombo
PR;ASSOMEC;Associação dos Municípios da Região Metropolitana de Curitiba;Curitiba;Contenda
PR;ASSOMEC;Associação dos Municípios da Região Metropolitana de Curitiba;Curitiba;Curitiba
PR;ASSOMEC;Associação dos Municípios da Região Metropolitana de Curitiba;Curitiba;Doutor Ulysses
PR;ASSOMEC;Associação dos Municípios da Região Metropolitana de Curitiba;Curitiba;Fazenda Rio Grande
PR;ASSOMEC;Associação dos Municípios da Região Metropolitana de Curitiba;Curitiba;Itaperuçu
PR;ASSOMEC;Associação dos Municípios da Região Metropolitana de Curitiba;Curitiba;Lapa
PR;ASSOMEC;Associação dos Municípios da Região Metropolitana de Curitiba;Curitiba;Mandirituba
PR;ASSOMEC;Associação dos Municípios da Região Metropolitana de Curitiba;Curitiba;Pinhais
PR;ASSOMEC;Associação dos Municípios da Região Metropolitana de Curitiba;Curitiba;Piraquara
PR;ASSOMEC;Associação dos Municípios da Região Metropolitana de Curitiba;Curitiba;Quatro Barras
PR;ASSOMEC;Associação dos Municípios da Região Metropolitana de Curitiba;Curitiba;Quitandinha
PR;ASSOMEC;Associação dos Municípios da Região Metropolitana de Curitiba;Curitiba;Rio Branco do Sul
PR;ASSOMEC;Associação dos Municípios da Região Metropolitana de Curitiba;Curitiba;São José dos Pinhais
PR;ASSOMEC;Associação dos Municípios da Região Metropolitana de Curitiba;Curitiba;Tijucas do Sul
PR;ASSOMEC;Associação dos Municípios da Região Metropolitana de Curitiba;Curitiba;Tunas do Paraná
PR;AMLIPA;Associação dos Municípios do Litoral do Paraná;Paranaguá;Antonina
PR;AMLIPA;Associação dos Municípios do Litoral do Paraná;Paranaguá;Guaraqueçaba
PR;AMLIPA;Associação dos Municípios do Litoral do Paraná;Paranaguá;Guaratuba
PR;AMLIPA;Associação dos Municípios do Litoral do Paraná;Paranaguá;Matinhos
PR;AMLIPA;Associação dos Municípios do Litoral do Paraná;Paranaguá;Morretes
PR;AMLIPA;Associação dos Municípios do Litoral do Paraná;Paranaguá;Paranaguá
PR;AMLIPA;Associação dos Municípios do Litoral do Paraná;Paranaguá;Pontal do Paraná
PR;AMSULEP;Associação dos Municípios da Região Sudeste do Paraná;Lapa;Agudos do Sul
PR;AMSULEP;Associação dos Municípios da Região Sudeste do Paraná;Lapa;Campo do Tenente
PR;AMSULEP;Associação dos Municípios da Região Sudeste do Paraná;Lapa;Piên
PR;AMSULEP;Associação dos Municípios da Região Sudeste do Paraná;Lapa;Rio Negro
PR;AMCG;Associação dos Municípios da Região dos Campos Gerais;Ponta Grossa;Arapoti
PR;AMCG;Associação dos Municípios da Região dos Campos Gerais;Ponta Grossa;Carambeí
PR;AMCG;Associação dos Municípios da Região dos Campos Gerais;Ponta Grossa;Castro
PR;AMCG;Associação dos Municípios da Região dos Campos Gerais;Ponta Grossa;Imbaú
PR;AMCG;Associação dos Municípios da Região dos Campos Gerais;Ponta Grossa;Ipiranga
PR;AMCG;Associação dos Municípios da Região dos Campos Gerais;Ponta Grossa;Ivaí
PR;AMCG;Associação dos Municípios da Região dos Campos Gerais;Ponta Grossa;Jaguariaíva
PR;AMCG;Associação dos Municípios da Região dos Campos Gerais;Ponta Grossa;Ortigueira
PR;AMCG;Associação dos Municípios da Região dos Campos Gerais;Ponta Grossa;Palmeira
PR;AMCG;Associação dos Municípios da Região dos Campos Gerais;Ponta Grossa;Piraí do Sul
PR;AMCG;Associação dos Municípios da Região dos Campos Gerais;Ponta Grossa;Ponta Grossa
PR;AMCG;Associação dos Municípios da Região dos Campos Gerais;Ponta Grossa;Porto Amazonas
PR;AMCG;Associação dos Municípios da Região dos Campos Gerais;Ponta Grossa;Reserva
PR;AMCG;Associação dos Municípios da Região dos Campos Gerais;Ponta Grossa;São João do Triunfo
PR;AMCG;Associação dos Municípios da Região dos Campos Gerais;Ponta Grossa;Sengés
PR;AMCG;Associação dos Municípios da Região dos Campos Gerais;Ponta Grossa;Telêmaco Borba
PR;AMCG;Associação dos Municípios da Região dos Campos Gerais;Ponta Grossa;Tibagi
PR;AMCG;Associação dos Municípios da Região dos Campos Gerais;Ponta Grossa;Ventania
PR;AMUNORPI;Associação dos Municípios do Norte Pioneiro;Santo Antônio da Platina;Abatiá
PR;AMUNORPI;Associação dos Municípios do Norte Pioneiro;Santo Antônio da Platina;Andirá
PR;AMUNORPI;Associação dos Municípios do Norte Pioneiro;Santo Antônio da Platina;Barra do Jacaré
PR;AMUNORPI;Associação dos Municípios do Norte Pioneiro;Santo Antônio da Platina;Cambará
PR;AMUNORPI;Associação dos Municípios do Norte Pioneiro;Santo Antônio da Platina;Carlópolis
PR;AMUNORPI;Associação dos Municípios do Norte Pioneiro;Santo Antônio da Platina;Conselheiro Mairinck
PR;AMUNORPI;Associação dos Municípios do Norte Pioneiro;Santo Antônio da Platina;Curiúva
PR;AMUNORPI;Associação dos Municípios do Norte Pioneiro;Santo Antônio da Platina;Figueira
PR;AMUNORPI;Associação dos Municípios do Norte Pioneiro;Santo Antônio da Platina;Guapirama
PR;AMUNORPI;Associação dos Municípios do Norte Pioneiro;Santo Antônio da Platina;Ibaiti
PR;AMUNORPI;Associação dos Municípios do Norte Pioneiro;Santo Antônio da Platina;Jaboti
PR;AMUNORPI;Associação dos Municípios do Norte Pioneiro;Santo Antônio da Platina;Jacarezinho
PR;AMUNORPI;Associação dos Municípios do Norte Pioneiro;Santo Antônio da Platina;Japira
PR;AMUNORPI;Associação dos Municípios do Norte Pioneiro;Santo Antônio da Platina;Joaquim Távora
PR;AMUNORPI;Associação dos Municípios do Norte Pioneiro;Santo Antônio da Platina;Jundiaí do Sul
PR;AMUNORPI;Associação dos Municípios do Norte Pioneiro;Santo Antônio da Platina;Pinhalão
PR;AMUNORPI;Associação dos Municípios do Norte Pioneiro;Santo Antônio da Platina;Quatiguá
PR;AMUNORPI;Associação dos Municípios do Norte Pioneiro;Santo Antônio da Platina;Ribeirão Claro
PR;AMUNORPI;Associação dos Municípios do Norte Pioneiro;Santo Antônio da Platina;Ribeirão do Pinhal
PR;AMUNORPI;Associação dos Municípios do Norte Pioneiro;Santo Antônio da Platina;Salto do Itararé
PR;AMUNORPI;Associação dos Municípios do Norte Pioneiro;Santo Antônio da Platina;Santana do Itararé
PR;AMUNORPI;Associação dos Municípios do Norte Pioneiro;Santo Antônio da Platina;Santo Antônio da Platina
PR;AMUNORPI;Associação dos Municípios do Norte Pioneiro;Santo Antônio da Platina;São José da Boa Vista
PR;AMUNORPI;Associação dos Municípios do Norte Pioneiro;Santo Antônio da Platina;Siqueira Campos
PR;AMUNORPI;Associação dos Municípios do Norte Pioneiro;Santo Antônio da Platina;Tomazina
PR;AMUNORPI;Associação dos Municípios do Norte Pioneiro;Santo Antônio da Platina;Wenceslau Braz
PR;AMUNOP;Associação dos Municípios do Norte do Paraná;Cornélio Procópio;Assaí
PR;AMUNOP;Associação dos Municípios do Norte do Paraná;Cornélio Procópio;Bandeirantes
PR;AMUNOP;Associação dos Municípios do Norte do Paraná;Cornélio Procópio;Congonhinhas
PR;AMUNOP;Associação dos Municípios do Norte do Paraná;Cornélio Procópio;Cornélio Procópio
PR;AMUNOP;Associação dos Municípios do Norte do Paraná;Cornélio Procópio;Itambaracá
PR;AMUNOP;Associação dos Municípios do Norte do Paraná;Cornélio Procópio;Leópolis
PR;AMUNOP;Associação dos Municípios do Norte do Paraná;Cornélio Procópio;Nova América da Colina
PR;AMUNOP;Associação dos Municípios do Norte do Paraná;Cornélio Procópio;Nova Fátima
PR;AMUNOP;Associação dos Municípios do Norte do Paraná;Cornélio Procópio;Nova Santa Bárbara
PR;AMUNOP;Associação dos Municípios do Norte do Paraná;Cornélio Procópio;Rancho Alegre
PR;AMUNOP;Associação dos Municípios do Norte do Paraná;Cornélio Procópio;Santa Amélia
PR;AMUNOP;Associação dos Municípios do Norte do Paraná;Cornélio Procópio;Santa Cecília do Pavão
PR;AMUNOP;Associação dos Municípios do Norte do Paraná;Cornélio Procópio;Santa Mariana
PR;AMUNOP;Associação dos Municípios do Norte do Paraná;Cornélio Procópio;Santo Antônio do Paraíso
PR;AMUNOP;Associação dos Municípios do Norte do Paraná;Cornélio Procópio;São Jerônimo da Serra
PR;AMUNOP;Associação dos Municípios do Norte do Paraná;Cornélio Procópio;São Sebastião da Amoreira
PR;AMUNOP;Associação dos Municípios do Norte do Paraná;Cornélio Procópio;Sapopema
PR;AMUNOP;Associação dos Municípios do Norte do Paraná;Cornélio Procópio;Sertaneja
PR;AMUNOP;Associação dos Municípios do Norte do Paraná;Cornélio Procópio;Uraí
PR;AMEPAR;Associação dos Municípios do Médio Paranapanema;Londrina;Alvorada do Sul
PR;AMEPAR;Associação dos Municípios do Médio Paranapanema;Londrina;Arapongas
PR;AMEPAR;Associação dos Municípios do Médio Paranapanema;Londrina;Bela Vista do Paraíso
PR;AMEPAR;Associação dos Municípios do Médio Paranapanema;Londrina;Cafeara
PR;AMEPAR;Associação dos Municípios do Médio Paranapanema;Londrina;Cambé
PR;AMEPAR;Associação dos Municípios do Médio Paranapanema;Londrina;Centenário do Sul
PR;AMEPAR;Associação dos Municípios do Médio Paranapanema;Londrina;Florestópolis
PR;AMEPAR;Associação dos Municípios do Médio Paranapanema;Londrina;Guaraci
PR;AMEPAR;Associação dos Municípios do Médio Paranapanema;Londrina;Ibiporã
PR;AMEPAR;Associação dos Municípios do Médio Paranapanema;Londrina;Jaguapitã
PR;AMEPAR;Associação dos Municípios do Médio Paranapanema;Londrina;Jataizinho
PR;AMEPAR;Associação dos Municípios do Médio Paranapanema;Londrina;Londrina
PR;AMEPAR;Associação dos Municípios do Médio Paranapanema;Londrina;Lupionópolis
PR;AMEPAR;Associação dos Municípios do Médio Paranapanema;Londrina;Miraselva
PR;AMEPAR;Associação dos Municípios do Médio Paranapanema;Londrina;Pitangueiras
PR;AMEPAR;Associação dos Municípios do Médio Paranapanema;Londrina;Porecatu
PR;AMEPAR;Associação dos Municípios do Médio Paranapanema;Londrina;Prado Ferreira
PR;AMEPAR;Associação dos Municípios do Médio Paranapanema;Londrina;Primeiro de Maio
PR;AMEPAR;Associação dos Municípios do Médio Paranapanema;Londrina;Rolândia
PR;AMEPAR;Associação dos Municípios do Médio Paranapanema;Londrina;Sabáudia
PR;AMEPAR;Associação dos Municípios do Médio Paranapanema;Londrina;Sertanópolis
PR;AMEPAR;Associação dos Municípios do Médio Paranapanema;Londrina;Tamarana
PR;AMUVI;Associação dos Municípios do Vale do Ivaí;Apucarana;Apucarana
PR;AMUVI;Associação dos Municípios do Vale do Ivaí;Apucarana;Arapuã
PR;AMUVI;Associação dos Municípios do Vale do Ivaí;Apucarana;Ariranha do Ivaí
PR;AMUVI;Associação dos Municípios do Vale do Ivaí;Apucarana;Bom Sucesso
PR;AMUVI;Associação dos Municípios do Vale do Ivaí;Apucarana;Borrazópolis
PR;AMUVI;Associação dos Municípios do Vale do Ivaí;Apucarana;Califórnia
PR;AMUVI;Associação dos Municípios do Vale do Ivaí;Apucarana;Cambira
PR;AMUVI;Associação dos Municípios do Vale do Ivaí;Apucarana;Cruzmaltina
PR;AMUVI;Associação dos Municípios do Vale do Ivaí;Apucarana;Faxinal
PR;AMUVI;Associação dos Municípios do Vale do Ivaí;Apucarana;Godoy Moreira
PR;AMUVI;Associação dos Municípios do Vale do Ivaí;Apucarana;Grandes Rios
PR;AMUVI;Associação dos Municípios do Vale do Ivaí;Apucarana;Ivaiporã
PR;AMUVI;Associação dos Municípios do Vale do Ivaí;Apucarana;Jandaia do Sul
PR;AMUVI;Associação dos Municípios do Vale do Ivaí;Apucarana;Jardim Alegre
PR;AMUVI;Associação dos Municípios do Vale do Ivaí;Apucarana;Kaloré
PR;AMUVI;Associação dos Municípios do Vale do Ivaí;Apucarana;Lidianópolis
PR;AMUVI;Associação dos Municípios do Vale do Ivaí;Apucarana;Lunardelli
PR;AMUVI;Associação dos Municípios do Vale do Ivaí;Apucarana;Marilândia do Sul
PR;AMUVI;Associação dos Municípios do Vale do Ivaí;Apucarana;Marumbi
PR;AMUVI;Associação dos Municípios do Vale do Ivaí;Apucarana;Mauá da Serra
PR;AMUVI;Associação dos Municípios do Vale do Ivaí;Apucarana;Novo Itacolomi
PR;AMUVI;Associação dos Municípios do Vale do Ivaí;Apucarana;Rio Bom
PR;AMUVI;Associação dos Municípios do Vale do Ivaí;Apucarana;Rio Branco do Ivaí
PR;AMUVI;Associação dos Municípios do Vale do Ivaí;Apucarana;Rosário do Ivaí
PR;AMUVI;Associação dos Municípios do Vale do Ivaí;Apucarana;São João do Ivaí
PR;AMUVI;Associação dos Municípios do Vale do Ivaí;Apucarana;São Pedro do Ivaí
PR;AMUSEP;Associação dos Municípios do Setentrião Paranaense;Maringá;Ângulo
PR;AMUSEP;Associação dos Municípios do Setentrião Paranaense;Maringá;Astorga
PR;AMUSEP;Associação dos Municípios do Setentrião Paranaense;Maringá;Atalaia
PR;AMUSEP;Associação dos Municípios do Setentrião Paranaense;Maringá;Colorado
PR;AMUSEP;Associação dos Municípios do Setentrião Paranaense;Maringá;Doutor Camargo
PR;AMUSEP;Associação dos Municípios do Setentrião Paranaense;Maringá;Floraí
PR;AMUSEP;Associação dos Municípios do Setentrião Paranaense;Maringá;Floresta
PR;AMUSEP;Associação dos Municípios do Setentrião Paranaense;Maringá;Flórida
PR;AMUSEP;Associação dos Municípios do Setentrião Paranaense;Maringá;Iguaraçu
PR;AMUSEP;Associação dos Municípios do Setentrião Paranaense;Maringá;Itaguajé
PR;AMUSEP;Associação dos Municípios do Setentrião Paranaense;Maringá;Itambé
PR;AMUSEP;Associação dos Municípios do Setentrião Paranaense;Maringá;Ivatuba
PR;AMUSEP;Associação dos Municípios do Setentrião Paranaense;Maringá;Lobato
PR;AMUSEP;Associação dos Municípios do Setentrião Paranaense;Maringá;Mandaguaçu
PR;AMUSEP;Associação dos Municípios do Setentrião Paranaense;Maringá;Mandaguari
PR;AMUSEP;Associação dos Municípios do Setentrião Paranaense;Maringá;Marialva
PR;AMUSEP;Associação dos Municípios do Setentrião Paranaense;Maringá;Maringá
PR;AMUSEP;Associação dos Municípios do Setentrião Paranaense;Maringá;Munhoz de Melo
PR;AMUSEP;Associação dos Municípios do Setentrião Paranaense;Maringá;Nossa Senhora das Graças
PR;AMUSEP;Associação dos Municípios do Setentrião Paranaense;Maringá;Nova Esperança
PR;AMUSEP;Associação dos Municípios do Setentrião Paranaense;Maringá;Ourizona
PR;AMUSEP;Associação dos Municípios do Setentrião Paranaense;Maringá;Paiçandu
PR;AMUSEP;Associação dos Municípios do Setentrião Paranaense;Maringá;Paranacity
PR;AMUSEP;Associação dos Municípios do Setentrião Paranaense;Maringá;Presidente Castelo Branco
PR;AMUSEP;Associação dos Municípios do Setentrião Paranaense;Maringá;Santa Fé
PR;AMUSEP;Associação dos Municípios do Setentrião Paranaense;Maringá;Santa Inês
PR;AMUSEP;Associação dos Municípios do Setentrião Paranaense;Maringá;Santo Inácio
PR;AMUSEP;Associação dos Municípios do Setentrião Paranaense;Maringá;São Jorge do Ivaí
PR;AMUSEP;Associação dos Municípios do Setentrião Paranaense;Maringá;Sarandi
PR;AMUSEP;Associação dos Municípios do Setentrião Paranaense;Maringá;Uniflor
PR;AMUNPAR;Associação dos Municípios do Noroeste do Paraná;Paranavaí;Alto Paraná
PR;AMUNPAR;Associação dos Municípios do Noroeste do Paraná;Paranavaí;Amaporã
PR;AMUNPAR;Associação dos Municípios do Noroeste do Paraná;Paranavaí;Cruzeiro do Sul
PR;AMUNPAR;Associação dos Municípios do Noroeste do Paraná;Paranavaí;Diamante do Norte
PR;AMUNPAR;Associação dos Municípios do Noroeste do Paraná;Paranavaí;Guairaçá
PR;AMUNPAR;Associação dos Municípios do Noroeste do Paraná;Paranavaí;Inajá
PR;AMUNPAR;Associação dos Municípios do Noroeste do Paraná;Paranavaí;Itaúna do Sul
PR;AMUNPAR;Associação dos Municípios do Noroeste do Paraná;Paranavaí;Jardim Olinda
PR;AMUNPAR;Associação dos Municípios do Noroeste do Paraná;Paranavaí;Loanda
PR;AMUNPAR;Associação dos Municípios do Noroeste do Paraná;Paranavaí;Marilena
PR;AMUNPAR;Associação dos Municípios do Noroeste do Paraná;Paranavaí;Mirador
PR;AMUNPAR;Associação dos Municípios do Noroeste do Paraná;Paranavaí;Nova Aliança do Ivaí
PR;AMUNPAR;Associação dos Municípios do Noroeste do Paraná;Paranavaí;Nova Londrina
PR;AMUNPAR;Associação dos Municípios do Noroeste do Paraná;Paranavaí;Paraíso do Norte
PR;AMUNPAR;Associação dos Municípios do Noroeste do Paraná;Paranavaí;Paranapoema
PR;AMUNPAR;Associação dos Municípios do Noroeste do Paraná;Paranavaí;Paranavaí
PR;AMUNPAR;Associação dos Municípios do Noroeste do Paraná;Paranavaí;Planaltina do Paraná
PR;AMUNPAR;Associação dos Municípios do Noroeste do Paraná;Paranavaí;Porto Rico
PR;AMUNPAR;Associação dos Municípios do Noroeste do Paraná;Paranavaí;Querência do Norte
PR;AMUNPAR;Associação dos Municípios do Noroeste do Paraná;Paranavaí;Santa Cruz de Monte Castelo
PR;AMUNPAR;Associação dos Municípios do Noroeste do Paraná;Paranavaí;Santa Isabel do Ivaí
PR;AMUNPAR;Associação dos Municípios do Noroeste do Paraná;Paranavaí;Santa Mônica
PR;AMUNPAR;Associação dos Municípios do Noroeste do Paraná;Paranavaí;Santo Antônio do Caiuá
PR;AMUNPAR;Associação dos Municípios do Noroeste do Paraná;Paranavaí;São Carlos do Ivaí
PR;AMUNPAR;Associação dos Municípios do Noroeste do Paraná;Paranavaí;São João do Caiuá
PR;AMUNPAR;Associação dos Municípios do Noroeste do Paraná;Paranavaí;São Pedro do Paraná
PR;AMUNPAR;Associação dos Municípios do Noroeste do Paraná;Paranavaí;Tamboara
PR;AMUNPAR;Associação dos Municípios do Noroeste do Paraná;Paranavaí;Terra Rica
PR;AMERIOS;Associação dos Municípios da Região do Entre Rios;Umuarama;Alto Paraíso
PR;AMERIOS;Associação dos Municípios da Região do Entre Rios;Umuarama;Alto Piquiri
PR;AMERIOS;Associação dos Municípios da Região do Entre Rios;Umuarama;Altônia
PR;AMERIOS;Associação dos Municípios da Região do Entre Rios;Umuarama;Brasilândia do Sul
PR;AMERIOS;Associação dos Municípios da Região do Entre Rios;Umuarama;Cafezal do Sul
PR;AMERIOS;Associação dos Municípios da Região do Entre Rios;Umuarama;Cianorte
PR;AMERIOS;Associação dos Municípios da Região do Entre Rios;Umuarama;Cidade Gaúcha
PR;AMERIOS;Associação dos Municípios da Região do Entre Rios;Umuarama;Cruzeiro do Oeste
PR;AMERIOS;Associação dos Municípios da Região do Entre Rios;Umuarama;Douradina
PR;AMERIOS;Associação dos Municípios da Região do Entre Rios;Umuarama;Esperança Nova
PR;AMERIOS;Associação dos Municípios da Região do Entre Rios;Umuarama;Francisco Alves
PR;AMERIOS;Associação dos Municípios da Região do Entre Rios;Umuarama;Guaporema
PR;AMERIOS;Associação dos Municípios da Região do Entre Rios;Umuarama;Icaraíma
PR;AMERIOS;Associação dos Municípios da Região do Entre Rios;Umuarama;Indianópolis
PR;AMERIOS;Associação dos Municípios da Região do Entre Rios;Umuarama;Iporã
PR;AMERIOS;Associação dos Municípios da Região do Entre Rios;Umuarama;Ivaté
PR;AMERIOS;Associação dos Municípios da Região do Entre Rios;Umuarama;Japurá
PR;AMERIOS;Associação dos Municípios da Região do Entre Rios;Umuarama;Jussara
PR;AMERIOS;Associação dos Municípios da Região do Entre Rios;Umuarama;Maria Helena
PR;AMERIOS;Associação dos Municípios da Região do Entre Rios;Umuarama;Mariluz
PR;AMERIOS;Associação dos Municípios da Região do Entre Rios;Umuarama;Nova Olímpia
PR;AMERIOS;Associação dos Municípios da Região do Entre Rios;Umuarama;Perobal
PR;AMERIOS;Associação dos Municípios da Região do Entre Rios;Umuarama;Pérola
PR;AMERIOS;Associação dos Municípios da Região do Entre Rios;Umuarama;Rondon
PR;AMERIOS;Associação dos Municípios da Região do Entre Rios;Umuarama;São Jorge do Patrocínio
PR;AMERIOS;Associação dos Municípios da Região do Entre Rios;Umuarama;São Manoel do Paraná
PR;AMERIOS;Associação dos Municípios da Região do Entre Rios;Umuarama;São Tomé
PR;AMERIOS;Associação dos Municípios da Região do Entre Rios;Umuarama;Tapejara
PR;AMERIOS;Associação dos Municípios da Região do Entre Rios;Umuarama;Tapira
PR;AMERIOS;Associação dos Municípios da Região do Entre Rios;Umuarama;Tuneiras do Oeste
PR;AMERIOS;Associação dos Municípios da Região do Entre Rios;Umuarama;Umuarama
PR;AMERIOS;Associação dos Municípios da Região do Entre Rios;Umuarama;Xambrê
PR;AMENORTE;Associação dos Municípios do Médio Noroeste do Paraná;Cianorte;Cianorte
PR;AMENORTE;Associação dos Municípios do Médio Noroeste do Paraná;Cianorte;Cidade Gaúcha
PR;AMENORTE;Associação dos Municípios do Médio Noroeste do Paraná;Cianorte;Guaporema
PR;AMENORTE;Associação dos Municípios do Médio Noroeste do Paraná;Cianorte;Indianópolis
PR;AMENORTE;Associação dos Municípios do Médio Noroeste do Paraná;Cianorte;Japurá
PR;AMENORTE;Associação dos Municípios do Médio Noroeste do Paraná;Cianorte;Jussara
PR;AMENORTE;Associação dos Municípios do Médio Noroeste do Paraná;Cianorte;Rondon
PR;AMENORTE;Associação dos Municípios do Médio Noroeste do Paraná;Cianorte;São Manoel do Paraná
PR;AMENORTE;Associação dos Municípios do Médio Noroeste do Paraná;Cianorte;São Tomé
PR;AMENORTE;Associação dos Municípios do Médio Noroeste do Paraná;Cianorte;Tapejara
PR;AMENORTE;Associação dos Municípios do Médio Noroeste do Paraná;Cianorte;Terra Boa
PR;AMENORTE;Associação dos Municípios do Médio Noroeste do Paraná;Cianorte;Tuneiras do Oeste
PR;COMCAM;Comunidade dos Municípios da Região de Campo Mourão;Campo Mourão;Araruna
PR;COMCAM;Comunidade dos Municípios da Região de Campo Mourão;Campo Mourão;Barbosa Ferraz
PR;COMCAM;Comunidade dos Municípios da Região de Campo Mourão;Campo Mourão;Boa Esperança
PR;COMCAM;Comunidade dos Municípios da Região de Campo Mourão;Campo Mourão;Campina da Lagoa
PR;COMCAM;Comunidade dos Municípios da Região de Campo Mourão;Campo Mourão;Campo Mourão
PR;COMCAM;Comunidade dos Municípios da Região de Campo Mourão;Campo Mourão;Corumbataí do Sul
PR;COMCAM;Comunidade dos Municípios da Região de Campo Mourão;Campo Mourão;Engenheiro Beltrão
PR;COMCAM;Comunidade dos Municípios da Região de Campo Mourão;Campo Mourão;Farol
PR;COMCAM;Comunidade dos Municípios da Região de Campo Mourão;Campo Mourão;Fênix
PR;COMCAM;Comunidade dos Municípios da Região de Campo Mourão;Campo Mourão;Goioerê
PR;COMCAM;Comunidade dos Municípios da Região de Campo Mourão;Campo Mourão;Janiópolis
PR;COMCAM;Comunidade dos Municípios da Região de Campo Mourão;Campo Mourão;Juranda
PR;COMCAM;Comunidade dos Municípios da Região de Campo Mourão;Campo Mourão;Luiziana
PR;COMCAM;Comunidade dos Municípios da Região de Campo Mourão;Campo Mourão;Mamborê
PR;COMCAM;Comunidade dos Municípios da Região de Campo Mourão;Campo Mourão;Moreira Sales
PR;COMCAM;Comunidade dos Municípios da Região de Campo Mourão;Campo Mourão;Nova Cantu
PR;COMCAM;Comunidade dos Municípios da Região de Campo Mourão;Campo Mourão;Peabiru
PR;COMCAM;Comunidade dos Municípios da Região de Campo Mourão;Campo Mourão;Quarto Centenário
PR;COMCAM;Comunidade dos Municípios da Região de Campo Mourão;Campo Mourão;Quinta do Sol
PR;COMCAM;Comunidade dos Municípios da Região de Campo Mourão;Campo Mourão;Rancho Alegre D'Oeste
PR;COMCAM;Comunidade dos Municípios da Região de Campo Mourão;Campo Mourão;Terra Boa
PR;COMCAM;Comunidade dos Municípios da Região de Campo Mourão;Campo Mourão;Ubiratã
PR;AMOP;Associação dos Municípios do Oeste do Paraná;Cascavel;Anahy
PR;AMOP;Associação dos Municípios do Oeste do Paraná;Cascavel;Assis Chateaubriand
PR;AMOP;Associação dos Municípios do Oeste do Paraná;Cascavel;Boa Vista da Aparecida
PR;AMOP;Associação dos Municípios do Oeste do Paraná;Cascavel;Braganey
PR;AMOP;Associação dos Municípios do Oeste do Paraná;Cascavel;Brasilândia do Sul
PR;AMOP;Associação dos Municípios do Oeste do Paraná;Cascavel;Cafelândia
PR;AMOP;Associação dos Municípios do Oeste do Paraná;Cascavel;Campo Bonito
PR;AMOP;Associação dos Municípios do Oeste do Paraná;Cascavel;Capitão Leônidas Marques
PR;AMOP;Associação dos Municípios do Oeste do Paraná;Cascavel;Cascavel
PR;AMOP;Associação dos Municípios do Oeste do Paraná;Cascavel;Catanduvas
PR;AMOP;Associação dos Municípios do Oeste do Paraná;Cascavel;Céu Azul
PR;AMOP;Associação dos Municípios do Oeste do Paraná;Cascavel;Corbélia
PR;AMOP;Associação dos Municípios do Oeste do Paraná;Cascavel;Diamante do Oeste
PR;AMOP;Associação dos Municípios do Oeste do Paraná;Cascavel;Diamante do Sul
PR;AMOP;Associação dos Municípios do Oeste do Paraná;Cascavel;Entre Rios do Oeste
PR;AMOP;Associação dos Municípios do Oeste do Paraná;Cascavel;Formosa do Oeste
PR;AMOP;Associação dos Municípios do Oeste do Paraná;Cascavel;Foz do Iguaçu
PR;AMOP;Associação dos Municípios do Oeste do Paraná;Cascavel;Guaíra
PR;AMOP;Associação dos Municípios do Oeste do Paraná;Cascavel;Guaraniaçu
PR;AMOP;Associação dos Municípios do Oeste do Paraná;Cascavel;Ibema
PR;AMOP;Associação dos Municípios do Oeste do Paraná;Cascavel;Iguatu
PR;AMOP;Associação dos Municípios do Oeste do Paraná;Cascavel;Iracema do Oeste
PR;AMOP;Associação dos Municípios do Oeste do Paraná;Cascavel;Itaipulândia
PR;AMOP;Associação dos Municípios do Oeste do Paraná;Cascavel;Jesuítas
PR;AMOP;Associação dos Municípios do Oeste do Paraná;Cascavel;Lindoeste
PR;AMOP;Associação dos Municípios do Oeste do Paraná;Cascavel;Marechal Cândido Rondon
PR;AMOP;Associação dos Municípios do Oeste do Paraná;Cascavel;Maripá
PR;AMOP;Associação dos Municípios do Oeste do Paraná;Cascavel;Matelândia
PR;AMOP;Associação dos Municípios do Oeste do Paraná;Cascavel;Medianeira
PR;AMOP;Associação dos Municípios do Oeste do Paraná;Cascavel;Mercedes
PR;AMOP;Associação dos Municípios do Oeste do Paraná;Cascavel;Missal
PR;AMOP;Associação dos Municípios do Oeste do Paraná;Cascavel;Nova Aurora
PR;AMOP;Associação dos Municípios do Oeste do Paraná;Cascavel;Nova Santa Rosa
PR;AMOP;Associação dos Municípios do Oeste do Paraná;Cascavel;Ouro Verde do Oeste
PR;AMOP;Associação dos Municípios do Oeste do Paraná;Cascavel;Palotina
PR;AMOP;Associação dos Municípios do Oeste do Paraná;Cascavel;Pato Bragado
PR;AMOP;Associação dos Municípios do Oeste do Paraná;Cascavel;Quatro Pontes
PR;AMOP;Associação dos Municípios do Oeste do Paraná;Cascavel;Ramilândia
PR;AMOP;Associação dos Municípios do Oeste do Paraná;Cascavel;Santa Helena
PR;AMOP;Associação dos Municípios do Oeste do Paraná;Cascavel;Santa Lúcia
PR;AMOP;Associação dos Municípios do Oeste do Paraná;Cascavel;Santa Tereza do Oeste
PR;AMOP;Associação dos Municípios do Oeste do Paraná;Cascavel;Santa Terezinha de Itaipu
PR;AMOP;Associação dos Municípios do Oeste do Paraná;Cascavel;São José das Palmeiras
PR;AMOP;Associação dos Municípios do Oeste do Paraná;Cascavel;São Miguel do Iguaçu
PR;AMOP;Associação dos Municípios do Oeste do Paraná;Cascavel;São Pedro do Iguaçu
PR;AMOP;Associação dos Municípios do Oeste do Paraná;Cascavel;Serranópolis do Iguaçu
PR;AMOP;Associação dos Municípios do Oeste do Paraná;Cascavel;Terra Roxa
PR;AMOP;Associação dos Municípios do Oeste do Paraná;Cascavel;Toledo
PR;AMOP;Associação dos Municípios do Oeste do Paraná;Cascavel;Três Barras do Paraná
PR;AMOP;Associação dos Municípios do Oeste do Paraná;Cascavel;Tupãssi
PR;AMOP;Associação dos Municípios do Oeste do Paraná;Cascavel;Ubiratã
PR;AMOP;Associação dos Municípios do Oeste do Paraná;Cascavel;Vera Cruz do Oeste
PR;AMSOP;Associação dos Municípios do Sudoeste do Paraná;Francisco Beltrão;Ampére
PR;AMSOP;Associação dos Municípios do Sudoeste do Paraná;Francisco Beltrão;Barracão
PR;AMSOP;Associação dos Municípios do Sudoeste do Paraná;Francisco Beltrão;Bela Vista da Caroba
PR;AMSOP;Associação dos Municípios do Sudoeste do Paraná;Francisco Beltrão;Boa Esperança do Iguaçu
PR;AMSOP;Associação dos Municípios do Sudoeste do Paraná;Francisco Beltrão;Bom Jesus do Sul
PR;AMSOP;Associação dos Municípios do Sudoeste do Paraná;Francisco Beltrão;Bom Sucesso do Sul
PR;AMSOP;Associação dos Municípios do Sudoeste do Paraná;Francisco Beltrão;Capanema
PR;AMSOP;Associação dos Municípios do Sudoeste do Paraná;Francisco Beltrão;Chopinzinho
PR;AMSOP;Associação dos Municípios do Sudoeste do Paraná;Francisco Beltrão;Clevelândia
PR;AMSOP;Associação dos Municípios do Sudoeste do Paraná;Francisco Beltrão;Coronel Domingos Soares
PR;AMSOP;Associação dos Municípios do Sudoeste do Paraná;Francisco Beltrão;Coronel Vivida
PR;AMSOP;Associação dos Municípios do Sudoeste do Paraná;Francisco Beltrão;Cruzeiro do Iguaçu
PR;AMSOP;Associação dos Municípios do Sudoeste do Paraná;Francisco Beltrão;Dois Vizinhos
PR;AMSOP;Associação dos Municípios do Sudoeste do Paraná;Francisco Beltrão;Enéas Marques
PR;AMSOP;Associação dos Municípios do Sudoeste do Paraná;Francisco Beltrão;Flor da Serra do Sul
PR;AMSOP;Associação dos Municípios do Sudoeste do Paraná;Francisco Beltrão;Francisco Beltrão
PR;AMSOP;Associação dos Municípios do Sudoeste do Paraná;Francisco Beltrão;Honório Serpa
PR;AMSOP;Associação dos Municípios do Sudoeste do Paraná;Francisco Beltrão;Itapejara do Oeste
PR;AMSOP;Associação dos Municípios do Sudoeste do Paraná;Francisco Beltrão;Manfrinópolis
PR;AMSOP;Associação dos Municípios do Sudoeste do Paraná;Francisco Beltrão;Mangueirinha
PR;AMSOP;Associação dos Municípios do Sudoeste do Paraná;Francisco Beltrão;Mariópolis
PR;AMSOP;Associação dos Municípios do Sudoeste do Paraná;Francisco Beltrão;Marmeleiro
PR;AMSOP;Associação dos Municípios do Sudoeste do Paraná;Francisco Beltrão;Nova Esperança do Sudoeste
PR;AMSOP;Associação dos Municípios do Sudoeste do Paraná;Francisco Beltrão;Nova Prata do Iguaçu
PR;AMSOP;Associação dos Municípios do Sudoeste do Paraná;Francisco Beltrão;Palmas
PR;AMSOP;Associação dos Municípios do Sudoeste do Paraná;Francisco Beltrão;Pato Branco
PR;AMSOP;Associação dos Municípios do Sudoeste do Paraná;Francisco Beltrão;Pérola d'Oeste
PR;AMSOP;Associação dos Municípios do Sudoeste do Paraná;Francisco Beltrão;Pinhal de São Bento
PR;AMSOP;Associação dos Municípios do Sudoeste do Paraná;Francisco Beltrão;Planalto
PR;AMSOP;Associação dos Municípios do Sudoeste do Paraná;Francisco Beltrão;Pranchita
PR;AMSOP;Associação dos Municípios do Sudoeste do Paraná;Francisco Beltrão;Realeza
PR;AMSOP;Associação dos Municípios do Sudoeste do Paraná;Francisco Beltrão;Renascença
PR;AMSOP;Associação dos Municípios do Sudoeste do Paraná;Francisco Beltrão;Salgado Filho
PR;AMSOP;Associação dos Municípios do Sudoeste do Paraná;Francisco Beltrão;Salto do Lontra
PR;AMSOP;Associação dos Municípios do Sudoeste do Paraná;Francisco Beltrão;Santa Izabel do Oeste
PR;AMSOP;Associação dos Municípios do Sudoeste do Paraná;Francisco Beltrão;Santo Antônio do Sudoeste
PR;AMSOP;Associação dos Municípios do Sudoeste do Paraná;Francisco Beltrão;São João
PR;AMSOP;Associação dos Municípios do Sudoeste do Paraná;Francisco Beltrão;São Jorge d'Oeste
PR;AMSOP;Associação dos Municípios do Sudoeste do Paraná;Francisco Beltrão;Saudade do Iguaçu
PR;AMSOP;Associação dos Municípios do Sudoeste do Paraná;Francisco Beltrão;Sulina
PR;AMSOP;Associação dos Municípios do Sudoeste do Paraná;Francisco Beltrão;Verê
PR;AMSOP;Associação dos Municípios do Sudoeste do Paraná;Francisco Beltrão;Vitorino
PR;AMSULPAR;Associação dos Municípios do Sul Paranaense;União da Vitória;Antônio Olinto
PR;AMSULPAR;Associação dos Municípios do Sul Paranaense;União da Vitória;Bituruna
PR;AMSULPAR;Associação dos Municípios do Sul Paranaense;União da Vitória;Cruz Machado
PR;AMSULPAR;Associação dos Municípios do Sul Paranaense;União da Vitória;General Carneiro
PR;AMSULPAR;Associação dos Municípios do Sul Paranaense;União da Vitória;Paula Freitas
PR;AMSULPAR;Associação dos Municípios do Sul Paranaense;União da Vitória;Paulo Frontin
PR;AMSULPAR;Associação dos Municípios do Sul Paranaense;União da Vitória;Porto Vitória
PR;AMSULPAR;Associação dos Municípios do Sul Paranaense;União da Vitória;São Mateus do Sul
PR;AMSULPAR;Associação dos Municípios do Sul Paranaense;União da Vitória;União da Vitória
PR;AMCESPAR;Associação dos Municípios do Centro Sul do Paraná;Irati;Fernandes Pinheiro
PR;AMCESPAR;Associação dos Municípios do Centro Sul do Paraná;Irati;Guamiranga
PR;AMCESPAR;Associação dos Municípios do Centro Sul do Paraná;Irati;Imbituva
PR;AMCESPAR;Associação dos Municípios do Centro Sul do Paraná;Irati;Inácio Martins
PR;AMCESPAR;Associação dos Municípios do Centro Sul do Paraná;Irati;Irati
PR;AMCESPAR;Associação dos Municípios do Centro Sul do Paraná;Irati;Mallet
PR;AMCESPAR;Associação dos Municípios do Centro Sul do Paraná;Irati;Prudentópolis
PR;AMCESPAR;Associação dos Municípios do Centro Sul do Paraná;Irati;Rebouças
PR;AMCESPAR;Associação dos Municípios do Centro Sul do Paraná;Irati;Rio Azul
PR;AMCESPAR;Associação dos Municípios do Centro Sul do Paraná;Irati;Teixeira Soares
PR;CANTUQUIRIGUAÇU;Associação dos Municípios do Cantuquiriguaçu;Laranjeiras do Sul;Campo Bonito
PR;CANTUQUIRIGUAÇU;Associação dos Municípios do Cantuquiriguaçu;Laranjeiras do Sul;Candói
PR;CANTUQUIRIGUAÇU;Associação dos Municípios do Cantuquiriguaçu;Laranjeiras do Sul;Cantagalo
PR;CANTUQUIRIGUAÇU;Associação dos Municípios do Cantuquiriguaçu;Laranjeiras do Sul;Catanduvas
PR;CANTUQUIRIGUAÇU;Associação dos Municípios do Cantuquiriguaçu;Laranjeiras do Sul;Diamante do Sul
PR;CANTUQUIRIGUAÇU;Associação dos Municípios do Cantuquiriguaçu;Laranjeiras do Sul;Espigão Alto do Iguaçu
PR;CANTUQUIRIGUAÇU;Associação dos Municípios do Cantuquiriguaçu;Laranjeiras do Sul;Foz do Jordão
PR;CANTUQUIRIGUAÇU;Associação dos Municípios do Cantuquiriguaçu;Laranjeiras do Sul;Goioxim
PR;CANTUQUIRIGUAÇU;Associação dos Municípios do Cantuquiriguaçu;Laranjeiras do Sul;Guaraniaçu
PR;CANTUQUIRIGUAÇU;Associação dos Municípios do Cantuquiriguaçu;Laranjeiras do Sul;Ibema
PR;CANTUQUIRIGUAÇU;Associação dos Municípios do Cantuquiriguaçu;Laranjeiras do Sul;Laranjeiras do Sul
PR;CANTUQUIRIGUAÇU;Associação dos Municípios do Cantuquiriguaçu;Laranjeiras do Sul;Marquinho
PR;CANTUQUIRIGUAÇU;Associação dos Municípios do Cantuquiriguaçu;Laranjeiras do Sul;Nova Laranjeiras
PR;CANTUQUIRIGUAÇU;Associação dos Municípios do Cantuquiriguaçu;Laranjeiras do Sul;Pinhão
PR;CANTUQUIRIGUAÇU;Associação dos Municípios do Cantuquiriguaçu;Laranjeiras do Sul;Porto Barreiro
PR;CANTUQUIRIGUAÇU;Associação dos Municípios do Cantuquiriguaçu;Laranjeiras do Sul;Quedas do Iguaçu
PR;CANTUQUIRIGUAÇU;Associação dos Municípios do Cantuquiriguaçu;Laranjeiras do Sul;Reserva do Iguaçu
PR;CANTUQUIRIGUAÇU;Associação dos Municípios do Cantuquiriguaçu;Laranjeiras do Sul;Rio Bonito do Iguaçu
PR;CANTUQUIRIGUAÇU;Associação dos Municípios do Cantuquiriguaçu;Laranjeiras do Sul;Três Barras do Paraná
PR;CANTUQUIRIGUAÇU;Associação dos Municípios do Cantuquiriguaçu;Laranjeiras do Sul;Virmond
PR;AMOCENTRO;Associação dos Municípios do Centro do Paraná;Pitanga;Altamira do Paraná
PR;AMOCENTRO;Associação dos Municípios do Centro do Paraná;Pitanga;Boa Ventura de São Roque
PR;AMOCENTRO;Associação dos Municípios do Centro do Paraná;Pitanga;Campina do Simão
PR;AMOCENTRO;Associação dos Municípios do Centro do Paraná;Pitanga;Cândido de Abreu
PR;AMOCENTRO;Associação dos Municípios do Centro do Paraná;Pitanga;Guarapuava
PR;AMOCENTRO;Associação dos Municípios do Centro do Paraná;Pitanga;Iretama
PR;AMOCENTRO;Associação dos Municípios do Centro do Paraná;Pitanga;Laranjal
PR;AMOCENTRO;Associação dos Municípios do Centro do Paraná;Pitanga;Manoel Ribas
PR;AMOCENTRO;Associação dos Municípios do Centro do Paraná;Pitanga;Mato Rico
PR;AMOCENTRO;Associação dos Municípios do Centro do Paraná;Pitanga;Nova Tebas
PR;AMOCENTRO;Associação dos Municípios do Centro do Paraná;Pitanga;Palmital
PR;AMOCENTRO;Associação dos Municípios do Centro do Paraná;Pitanga;Pitanga
PR;AMOCENTRO;Associação dos Municípios do Centro do Paraná;Pitanga;Roncador
PR;AMOCENTRO;Associação dos Municípios do Centro do Paraná;Pitanga;Santa Maria do Oeste
PR;AMOCENTRO;Associação dos Municípios do Centro do Paraná;Pitanga;Turvo
SC;GRANFPOLIS;Associação dos Municípios da Região da Grande Florianópolis;Florianópolis;Águas Mornas
SC;GRANFPOLIS;Associação dos Municípios da Região da Grande Florianópolis;Florianópolis;Alfredo Wagner
SC;GRANFPOLIS;Associação dos Municípios da Região da Grande Florianópolis;Florianópolis;Angelina
SC;GRANFPOLIS;Associação dos Municípios da Região da Grande Florianópolis;Florianópolis;Anitápolis
SC;GRANFPOLIS;Associação dos Municípios da Região da Grande Florianópolis;Florianópolis;Antônio Carlos
SC;GRANFPOLIS;Associação dos Municípios da Região da Grande Florianópolis;Florianópolis;Biguaçu
SC;GRANFPOLIS;Associação dos Municípios da Região da Grande Florianópolis;Florianópolis;Canelinha
SC;GRANFPOLIS;Associação dos Municípios da Região da Grande Florianópolis;Florianópolis;Florianópolis
SC;GRANFPOLIS;Associação dos Municípios da Região da Grande Florianópolis;Florianópolis;Garopaba
SC;GRANFPOLIS;Associação dos Municípios da Região da Grande Florianópolis;Florianópolis;Governador Celso Ramos
SC;GRANFPOLIS;Associação dos Municípios da Região da Grande Florianópolis;Florianópolis;Leoberto Leal
SC;GRANFPOLIS;Associação dos Municípios da Região da Grande Florianópolis;Florianópolis;Major Gercino
SC;GRANFPOLIS;Associação dos Municípios da Região da Grande Florianópolis;Florianópolis;Nova Trento
SC;GRANFPOLIS;Associação dos Municípios da Região da Grande Florianópolis;Florianópolis;Palhoça
SC;GRANFPOLIS;Associação dos Municípios da Região da Grande Florianópolis;Florianópolis;Paulo Lopes
SC;GRANFPOLIS;Associação dos Municípios da Região da Grande Florianópolis;Florianópolis;Rancho Queimado
SC;GRANFPOLIS;Associação dos Municípios da Região da Grande Florianópolis;Florianópolis;Santo Amaro da Imperatriz
SC;GRANFPOLIS;Associação dos Municípios da Região da Grande Florianópolis;Florianópolis;São Bonifácio
SC;GRANFPOLIS;Associação dos Municípios da Região da Grande Florianópolis;Florianópolis;São João Batista
SC;GRANFPOLIS;Associação dos Municípios da Região da Grande Florianópolis;Florianópolis;São José
SC;GRANFPOLIS;Associação dos Municípios da Região da Grande Florianópolis;Florianópolis;São Pedro de Alcântara
SC;GRANFPOLIS;Associação dos Municípios da Região da Grande Florianópolis;Florianópolis;Tijucas
SC;AMFRI;Associação dos Municípios da Região da Foz do Rio Itajaí;Itajaí;Balneário Camboriú
SC;AMFRI;Associação dos Municípios da Região da Foz do Rio Itajaí;Itajaí;Balneário Piçarras
SC;AMFRI;Associação dos Municípios da Região da Foz do Rio Itajaí;Itajaí;Bombinhas
SC;AMFRI;Associação dos Municípios da Região da Foz do Rio Itajaí;Itajaí;Camboriú
SC;AMFRI;Associação dos Municípios da Região da Foz do Rio Itajaí;Itajaí;Ilhota
SC;AMFRI;Associação dos Municípios da Região da Foz do Rio Itajaí;Itajaí;Itajaí
SC;AMFRI;Associação dos Municípios da Região da Foz do Rio Itajaí;Itajaí;Itapema
SC;AMFRI;Associação dos Municípios da Região da Foz do Rio Itajaí;Itajaí;Luiz Alves
SC;AMFRI;Associação dos Municípios da Região da Foz do Rio Itajaí;Itajaí;Navegantes
SC;AMFRI;Associação dos Municípios da Região da Foz do Rio Itajaí;Itajaí;Penha
SC;AMFRI;Associação dos Municípios da Região da Foz do Rio Itajaí;Itajaí;Porto Belo
SC;AMVE;Associação dos Municípios do Vale Europeu (ex-AMMVI);Blumenau;Apiúna
SC;AMVE;Associação dos Municípios do Vale Europeu (ex-AMMVI);Blumenau;Ascurra
SC;AMVE;Associação dos Municípios do Vale Europeu (ex-AMMVI);Blumenau;Benedito Novo
SC;AMVE;Associação dos Municípios do Vale Europeu (ex-AMMVI);Blumenau;Blumenau
SC;AMVE;Associação dos Municípios do Vale Europeu (ex-AMMVI);Blumenau;Botuverá
SC;AMVE;Associação dos Municípios do Vale Europeu (ex-AMMVI);Blumenau;Brusque
SC;AMVE;Associação dos Municípios do Vale Europeu (ex-AMMVI);Blumenau;Doutor Pedrinho
SC;AMVE;Associação dos Municípios do Vale Europeu (ex-AMMVI);Blumenau;Gaspar
SC;AMVE;Associação dos Municípios do Vale Europeu (ex-AMMVI);Blumenau;Guabiruba
SC;AMVE;Associação dos Municípios do Vale Europeu (ex-AMMVI);Blumenau;Indaial
SC;AMVE;Associação dos Municípios do Vale Europeu (ex-AMMVI);Blumenau;Pomerode
SC;AMVE;Associação dos Municípios do Vale Europeu (ex-AMMVI);Blumenau;Rio dos Cedros
SC;AMVE;Associação dos Municípios do Vale Europeu (ex-AMMVI);Blumenau;Rodeio
SC;AMVE;Associação dos Municípios do Vale Europeu (ex-AMMVI);Blumenau;Timbó
SC;AMAVI;Associação dos Municípios do Alto Vale do Itajaí;Rio do Sul;Agrolândia
SC;AMAVI;Associação dos Municípios do Alto Vale do Itajaí;Rio do Sul;Agronômica
SC;AMAVI;Associação dos Municípios do Alto Vale do Itajaí;Rio do Sul;Atalanta
SC;AMAVI;Associação dos Municípios do Alto Vale do Itajaí;Rio do Sul;Aurora
SC;AMAVI;Associação dos Municípios do Alto Vale do Itajaí;Rio do Sul;Braço do Trombudo
SC;AMAVI;Associação dos Municípios do Alto Vale do Itajaí;Rio do Sul;Chapadão do Lageado
SC;AMAVI;Associação dos Municípios do Alto Vale do Itajaí;Rio do Sul;Dona Emma
SC;AMAVI;Associação dos Municípios do Alto Vale do Itajaí;Rio do Sul;Ibirama
SC;AMAVI;Associação dos Municípios do Alto Vale do Itajaí;Rio do Sul;Imbuia
SC;AMAVI;Associação dos Municípios do Alto Vale do Itajaí;Rio do Sul;Ituporanga
SC;AMAVI;Associação dos Municípios do Alto Vale do Itajaí;Rio do Sul;José Boiteux
SC;AMAVI;Associação dos Municípios do Alto Vale do Itajaí;Rio do Sul;Laurentino
SC;AMAVI;Associação dos Municípios do Alto Vale do Itajaí;Rio do Sul;Lontras
SC;AMAVI;Associação dos Municípios do Alto Vale do Itajaí;Rio do Sul;Mirim Doce
SC;AMAVI;Associação dos Municípios do Alto Vale do Itajaí;Rio do Sul;Petrolândia
SC;AMAVI;Associação dos Municípios do Alto Vale do Itajaí;Rio do Sul;Pouso Redondo
SC;AMAVI;Associação dos Municípios do Alto Vale do Itajaí;Rio do Sul;Presidente Getúlio
SC;AMAVI;Associação dos Municípios do Alto Vale do Itajaí;Rio do Sul;Presidente Nereu
SC;AMAVI;Associação dos Municípios do Alto Vale do Itajaí;Rio do Sul;Rio do Campo
SC;AMAVI;Associação dos Municípios do Alto Vale do Itajaí;Rio do Sul;Rio do Oeste
SC;AMAVI;Associação dos Municípios do Alto Vale do Itajaí;Rio do Sul;Rio do Sul
SC;AMAVI;Associação dos Municípios do Alto Vale do Itajaí;Rio do Sul;Salete
SC;AMAVI;Associação dos Municípios do Alto Vale do Itajaí;Rio do Sul;Santa Terezinha
SC;AMAVI;Associação dos Municípios do Alto Vale do Itajaí;Rio do Sul;Taió
SC;AMAVI;Associação dos Municípios do Alto Vale do Itajaí;Rio do Sul;Trombudo Central
SC;AMAVI;Associação dos Municípios do Alto Vale do Itajaí;Rio do Sul;Vidal Ramos
SC;AMAVI;Associação dos Municípios do Alto Vale do Itajaí;Rio do Sul;Vitor Meireles
SC;AMAVI;Associação dos Municípios do Alto Vale do Itajaí;Rio do Sul;Witmarsum
SC;AMVALI;Associação dos Municípios do Vale do Itapocu;Jaraguá do Sul;Barra Velha
SC;AMVALI;Associação dos Municípios do Vale do Itapocu;Jaraguá do Sul;Corupá
SC;AMVALI;Associação dos Municípios do Vale do Itapocu;Jaraguá do Sul;Guaramirim
SC;AMVALI;Associação dos Municípios do Vale do Itapocu;Jaraguá do Sul;Jaraguá do Sul
SC;AMVALI;Associação dos Municípios do Vale do Itapocu;Jaraguá do Sul;Massaranduba
SC;AMVALI;Associação dos Municípios do Vale do Itapocu;Jaraguá do Sul;São João do Itaperiú
SC;AMVALI;Associação dos Municípios do Vale do Itapocu;Jaraguá do Sul;Schroeder
SC;AMUNESC;Associação dos Municípios do Nordeste de Santa Catarina;Joinville;Araquari
SC;AMUNESC;Associação dos Municípios do Nordeste de Santa Catarina;Joinville;Balneário Barra do Sul
SC;AMUNESC;Associação dos Municípios do Nordeste de Santa Catarina;Joinville;Campo Alegre
SC;AMUNESC;Associação dos Municípios do Nordeste de Santa Catarina;Joinville;Garuva
SC;AMUNESC;Associação dos Municípios do Nordeste de Santa Catarina;Joinville;Itapoá
SC;AMUNESC;Associação dos Municípios do Nordeste de Santa Catarina;Joinville;Joinville
SC;AMUNESC;Associação dos Municípios do Nordeste de Santa Catarina;Joinville;Rio Negrinho
SC;AMUNESC;Associação dos Municípios do Nordeste de Santa Catarina;Joinville;São Bento do Sul
SC;AMUNESC;Associação dos Municípios do Nordeste de Santa Catarina;Joinville;São Francisco do Sul
SC;AMPLANORTE;Associação dos Municípios do Planalto Norte Catarinense;Mafra;Bela Vista do Toldo
SC;AMPLANORTE;Associação dos Municípios do Planalto Norte Catarinense;Mafra;Canoinhas
SC;AMPLANORTE;Associação dos Municípios do Planalto Norte Catarinense;Mafra;Irineópolis
SC;AMPLANORTE;Associação dos Municípios do Planalto Norte Catarinense;Mafra;Itaiópolis
SC;AMPLANORTE;Associação dos Municípios do Planalto Norte Catarinense;Mafra;Mafra
SC;AMPLANORTE;Associação dos Municípios do Planalto Norte Catarinense;Mafra;Major Vieira
SC;AMPLANORTE;Associação dos Municípios do Planalto Norte Catarinense;Mafra;Monte Castelo
SC;AMPLANORTE;Associação dos Municípios do Planalto Norte Catarinense;Mafra;Papanduva
SC;AMPLANORTE;Associação dos Municípios do Planalto Norte Catarinense;Mafra;Porto União
SC;AMPLANORTE;Associação dos Municípios do Planalto Norte Catarinense;Mafra;Três Barras
SC;AMUREL;Associação dos Municípios da Região de Laguna;Tubarão;Armazém
SC;AMUREL;Associação dos Municípios da Região de Laguna;Tubarão;Braço do Norte
SC;AMUREL;Associação dos Municípios da Região de Laguna;Tubarão;Capivari de Baixo
SC;AMUREL;Associação dos Municípios da Região de Laguna;Tubarão;Grão Pará
SC;AMUREL;Associação dos Municípios da Região de Laguna;Tubarão;Gravatal
SC;AMUREL;Associação dos Municípios da Região de Laguna;Tubarão;Imaruí
SC;AMUREL;Associação dos Municípios da Região de Laguna;Tubarão;Imbituba
SC;AMUREL;Associação dos Municípios da Região de Laguna;Tubarão;Jaguaruna
SC;AMUREL;Associação dos Municípios da Região de Laguna;Tubarão;Laguna
SC;AMUREL;Associação dos Municípios da Região de Laguna;Tubarão;Pedras Grandes
SC;AMUREL;Associação dos Municípios da Região de Laguna;Tubarão;Pescaria Brava
SC;AMUREL;Associação dos Municípios da Região de Laguna;Tubarão;Rio Fortuna
SC;AMUREL;Associação dos Municípios da Região de Laguna;Tubarão;Sangão
SC;AMUREL;Associação dos Municípios da Região de Laguna;Tubarão;Santa Rosa de Lima
SC;AMUREL;Associação dos Municípios da Região de Laguna;Tubarão;São Ludgero
SC;AMUREL;Associação dos Municípios da Região de Laguna;Tubarão;São Martinho
SC;AMUREL;Associação dos Municípios da Região de Laguna;Tubarão;Treze de Maio
SC;AMUREL;Associação dos Municípios da Região de Laguna;Tubarão;Tubarão
SC;AMREC;Associação dos Municípios da Região Carbonífera;Criciúma;Balneário Rincão
SC;AMREC;Associação dos Municípios da Região Carbonífera;Criciúma;Cocal do Sul
SC;AMREC;Associação dos Municípios da Região Carbonífera;Criciúma;Criciúma
SC;AMREC;Associação dos Municípios da Região Carbonífera;Criciúma;Forquilhinha
SC;AMREC;Associação dos Municípios da Região Carbonífera;Criciúma;Içara
SC;AMREC;Associação dos Municípios da Região Carbonífera;Criciúma;Lauro Müller
SC;AMREC;Associação dos Municípios da Região Carbonífera;Criciúma;Morro da Fumaça
SC;AMREC;Associação dos Municípios da Região Carbonífera;Criciúma;Nova Veneza
SC;AMREC;Associação dos Municípios da Região Carbonífera;Criciúma;Orleans
SC;AMREC;Associação dos Municípios da Região Carbonífera;Criciúma;Siderópolis
SC;AMREC;Associação dos Municípios da Região Carbonífera;Criciúma;Treviso
SC;AMREC;Associação dos Municípios da Região Carbonífera;Criciúma;Urussanga
SC;AMESC;Associação dos Municípios do Extremo Sul Catarinense;Araranguá;Araranguá
SC;AMESC;Associação dos Municípios do Extremo Sul Catarinense;Araranguá;Balneário Arroio do Silva
SC;AMESC;Associação dos Municípios do Extremo Sul Catarinense;Araranguá;Balneário Gaivota
SC;AMESC;Associação dos Municípios do Extremo Sul Catarinense;Araranguá;Ermo
SC;AMESC;Associação dos Municípios do Extremo Sul Catarinense;Araranguá;Jacinto Machado
SC;AMESC;Associação dos Municípios do Extremo Sul Catarinense;Araranguá;Maracajá
SC;AMESC;Associação dos Municípios do Extremo Sul Catarinense;Araranguá;Meleiro
SC;AMESC;Associação dos Municípios do Extremo Sul Catarinense;Araranguá;Morro Grande
SC;AMESC;Associação dos Municípios do Extremo Sul Catarinense;Araranguá;Passo de Torres
SC;AMESC;Associação dos Municípios do Extremo Sul Catarinense;Araranguá;Praia Grande
SC;AMESC;Associação dos Municípios do Extremo Sul Catarinense;Araranguá;Santa Rosa do Sul
SC;AMESC;Associação dos Municípios do Extremo Sul Catarinense;Araranguá;São João do Sul
SC;AMESC;Associação dos Municípios do Extremo Sul Catarinense;Araranguá;Sombrio
SC;AMESC;Associação dos Municípios do Extremo Sul Catarinense;Araranguá;Timbé do Sul
SC;AMESC;Associação dos Municípios do Extremo Sul Catarinense;Araranguá;Turvo
SC;AMURES;Associação dos Municípios da Região Serrana;Lages;Anita Garibaldi
SC;AMURES;Associação dos Municípios da Região Serrana;Lages;Bocaina do Sul
SC;AMURES;Associação dos Municípios da Região Serrana;Lages;Bom Jardim da Serra
SC;AMURES;Associação dos Municípios da Região Serrana;Lages;Bom Retiro
SC;AMURES;Associação dos Municípios da Região Serrana;Lages;Campo Belo do Sul
SC;AMURES;Associação dos Municípios da Região Serrana;Lages;Capão Alto
SC;AMURES;Associação dos Municípios da Região Serrana;Lages;Cerro Negro
SC;AMURES;Associação dos Municípios da Região Serrana;Lages;Correia Pinto
SC;AMURES;Associação dos Municípios da Região Serrana;Lages;Lages
SC;AMURES;Associação dos Municípios da Região Serrana;Lages;Otacílio Costa
SC;AMURES;Associação dos Municípios da Região Serrana;Lages;Painel
SC;AMURES;Associação dos Municípios da Região Serrana;Lages;Palmeira
SC;AMURES;Associação dos Municípios da Região Serrana;Lages;Ponte Alta
SC;AMURES;Associação dos Municípios da Região Serrana;Lages;Rio Rufino
SC;AMURES;Associação dos Municípios da Região Serrana;Lages;São Joaquim
SC;AMURES;Associação dos Municípios da Região Serrana;Lages;São José do Cerrito
SC;AMURES;Associação dos Municípios da Região Serrana;Lages;Urubici
SC;AMURES;Associação dos Municípios da Região Serrana;Lages;Urupema
SC;AMURC;Associação dos Municípios da Região do Contestado;Curitibanos;Curitibanos
SC;AMURC;Associação dos Municípios da Região do Contestado;Curitibanos;Frei Rogério
SC;AMURC;Associação dos Municípios da Região do Contestado;Curitibanos;Ponte Alta do Norte
SC;AMURC;Associação dos Municípios da Região do Contestado;Curitibanos;Santa Cecília
SC;AMURC;Associação dos Municípios da Região do Contestado;Curitibanos;São Cristóvão do Sul
SC;AMPLASC;Associação dos Municípios do Planalto Sul de Santa Catarina;Campos Novos;Abdon Batista
SC;AMPLASC;Associação dos Municípios do Planalto Sul de Santa Catarina;Campos Novos;Brunópolis
SC;AMPLASC;Associação dos Municípios do Planalto Sul de Santa Catarina;Campos Novos;Campos Novos
SC;AMPLASC;Associação dos Municípios do Planalto Sul de Santa Catarina;Campos Novos;Celso Ramos
SC;AMPLASC;Associação dos Municípios do Planalto Sul de Santa Catarina;Campos Novos;Monte Carlo
SC;AMPLASC;Associação dos Municípios do Planalto Sul de Santa Catarina;Campos Novos;Vargem
SC;AMPLASC;Associação dos Municípios do Planalto Sul de Santa Catarina;Campos Novos;Zortéa
SC;AMARP;Associação dos Municípios do Alto Vale do Rio do Peixe;Videira;Arroio Trinta
SC;AMARP;Associação dos Municípios do Alto Vale do Rio do Peixe;Videira;Caçador
SC;AMARP;Associação dos Municípios do Alto Vale do Rio do Peixe;Videira;Calmon
SC;AMARP;Associação dos Municípios do Alto Vale do Rio do Peixe;Videira;Fraiburgo
SC;AMARP;Associação dos Municípios do Alto Vale do Rio do Peixe;Videira;Ibiam
SC;AMARP;Associação dos Municípios do Alto Vale do Rio do Peixe;Videira;Iomerê
SC;AMARP;Associação dos Municípios do Alto Vale do Rio do Peixe;Videira;Lebon Régis
SC;AMARP;Associação dos Municípios do Alto Vale do Rio do Peixe;Videira;Macieira
SC;AMARP;Associação dos Municípios do Alto Vale do Rio do Peixe;Videira;Matos Costa
SC;AMARP;Associação dos Municípios do Alto Vale do Rio do Peixe;Videira;Pinheiro Preto
SC;AMARP;Associação dos Municípios do Alto Vale do Rio do Peixe;Videira;Rio das Antas
SC;AMARP;Associação dos Municípios do Alto Vale do Rio do Peixe;Videira;Salto Veloso
SC;AMARP;Associação dos Municípios do Alto Vale do Rio do Peixe;Videira;Tangará
SC;AMARP;Associação dos Municípios do Alto Vale do Rio do Peixe;Videira;Timbó Grande
SC;AMARP;Associação dos Municípios do Alto Vale do Rio do Peixe;Videira;Videira
SC;AMMOC;Associação dos Municípios do Meio Oeste Catarinense;Joaçaba;Água Doce
SC;AMMOC;Associação dos Municípios do Meio Oeste Catarinense;Joaçaba;Capinzal
SC;AMMOC;Associação dos Municípios do Meio Oeste Catarinense;Joaçaba;Catanduvas
SC;AMMOC;Associação dos Municípios do Meio Oeste Catarinense;Joaçaba;Erval Velho
SC;AMMOC;Associação dos Municípios do Meio Oeste Catarinense;Joaçaba;Herval d'Oeste
SC;AMMOC;Associação dos Municípios do Meio Oeste Catarinense;Joaçaba;Ibicaré
SC;AMMOC;Associação dos Municípios do Meio Oeste Catarinense;Joaçaba;Joaçaba
SC;AMMOC;Associação dos Municípios do Meio Oeste Catarinense;Joaçaba;Lacerdópolis
SC;AMMOC;Associação dos Municípios do Meio Oeste Catarinense;Joaçaba;Luzerna
SC;AMMOC;Associação dos Municípios do Meio Oeste Catarinense;Joaçaba;Ouro
SC;AMMOC;Associação dos Municípios do Meio Oeste Catarinense;Joaçaba;Treze Tílias
SC;AMMOC;Associação dos Municípios do Meio Oeste Catarinense;Joaçaba;Vargem Bonita
SC;AMAUC;Associação dos Municípios do Alto Uruguai Catarinense;Concórdia;Alto Bela Vista
SC;AMAUC;Associação dos Municípios do Alto Uruguai Catarinense;Concórdia;Arabutã
SC;AMAUC;Associação dos Municípios do Alto Uruguai Catarinense;Concórdia;Concórdia
SC;AMAUC;Associação dos Municípios do Alto Uruguai Catarinense;Concórdia;Ipira
SC;AMAUC;Associação dos Municípios do Alto Uruguai Catarinense;Concórdia;Ipumirim
SC;AMAUC;Associação dos Municípios do Alto Uruguai Catarinense;Concórdia;Irani
SC;AMAUC;Associação dos Municípios do Alto Uruguai Catarinense;Concórdia;Itá
SC;AMAUC;Associação dos Municípios do Alto Uruguai Catarinense;Concórdia;Jaborá
SC;AMAUC;Associação dos Municípios do Alto Uruguai Catarinense;Concórdia;Lindóia do Sul
SC;AMAUC;Associação dos Municípios do Alto Uruguai Catarinense;Concórdia;Peritiba
SC;AMAUC;Associação dos Municípios do Alto Uruguai Catarinense;Concórdia;Piratuba
SC;AMAUC;Associação dos Municípios do Alto Uruguai Catarinense;Concórdia;Presidente Castello Branco
SC;AMAUC;Associação dos Municípios do Alto Uruguai Catarinense;Concórdia;Seara
SC;AMAUC;Associação dos Municípios do Alto Uruguai Catarinense;Concórdia;Xavantina
SC;AMAI;Associação dos Municípios do Alto Irani;Xanxerê;Abelardo Luz
SC;AMAI;Associação dos Municípios do Alto Irani;Xanxerê;Bom Jesus
SC;AMAI;Associação dos Municípios do Alto Irani;Xanxerê;Entre Rios
SC;AMAI;Associação dos Municípios do Alto Irani;Xanxerê;Faxinal dos Guedes
SC;AMAI;Associação dos Municípios do Alto Irani;Xanxerê;Ipuaçu
SC;AMAI;Associação dos Municípios do Alto Irani;Xanxerê;Lajeado Grande
SC;AMAI;Associação dos Municípios do Alto Irani;Xanxerê;Marema
SC;AMAI;Associação dos Municípios do Alto Irani;Xanxerê;Ouro Verde
SC;AMAI;Associação dos Municípios do Alto Irani;Xanxerê;Passos Maia
SC;AMAI;Associação dos Municípios do Alto Irani;Xanxerê;Ponte Serrada
SC;AMAI;Associação dos Municípios do Alto Irani;Xanxerê;São Domingos
SC;AMAI;Associação dos Municípios do Alto Irani;Xanxerê;Vargeão
SC;AMAI;Associação dos Municípios do Alto Irani;Xanxerê;Xanxerê
SC;AMAI;Associação dos Municípios do Alto Irani;Xanxerê;Xaxim
SC;AMOSC;Associação dos Municípios do Oeste de Santa Catarina;Chapecó;Águas de Chapecó
SC;AMOSC;Associação dos Municípios do Oeste de Santa Catarina;Chapecó;Águas Frias
SC;AMOSC;Associação dos Municípios do Oeste de Santa Catarina;Chapecó;Arvoredo
SC;AMOSC;Associação dos Municípios do Oeste de Santa Catarina;Chapecó;Caxambu do Sul
SC;AMOSC;Associação dos Municípios do Oeste de Santa Catarina;Chapecó;Chapecó
SC;AMOSC;Associação dos Municípios do Oeste de Santa Catarina;Chapecó;Cordilheira Alta
SC;AMOSC;Associação dos Municípios do Oeste de Santa Catarina;Chapecó;Coronel Freitas
SC;AMOSC;Associação dos Municípios do Oeste de Santa Catarina;Chapecó;Formosa do Sul
SC;AMOSC;Associação dos Municípios do Oeste de Santa Catarina;Chapecó;Guatambu
SC;AMOSC;Associação dos Municípios do Oeste de Santa Catarina;Chapecó;Jardinópolis
SC;AMOSC;Associação dos Municípios do Oeste de Santa Catarina;Chapecó;Nova Erechim
SC;AMOSC;Associação dos Municípios do Oeste de Santa Catarina;Chapecó;Nova Itaberaba
SC;AMOSC;Associação dos Municípios do Oeste de Santa Catarina;Chapecó;Paial
SC;AMOSC;Associação dos Municípios do Oeste de Santa Catarina;Chapecó;Pinhalzinho
SC;AMOSC;Associação dos Municípios do Oeste de Santa Catarina;Chapecó;Planalto Alegre
SC;AMOSC;Associação dos Municípios do Oeste de Santa Catarina;Chapecó;Santiago do Sul
SC;AMOSC;Associação dos Municípios do Oeste de Santa Catarina;Chapecó;São Carlos
SC;AMOSC;Associação dos Municípios do Oeste de Santa Catarina;Chapecó;Serra Alta
SC;AMOSC;Associação dos Municípios do Oeste de Santa Catarina;Chapecó;Sul Brasil
SC;AMOSC;Associação dos Municípios do Oeste de Santa Catarina;Chapecó;União do Oeste
SC;AMERIOS-SC;Associação dos Municípios de Entre Rios (SC);Maravilha;Bom Jesus do Oeste
SC;AMERIOS-SC;Associação dos Municípios de Entre Rios (SC);Maravilha;Caibi
SC;AMERIOS-SC;Associação dos Municípios de Entre Rios (SC);Maravilha;Campo Erê
SC;AMERIOS-SC;Associação dos Municípios de Entre Rios (SC);Maravilha;Cunha Porã
SC;AMERIOS-SC;Associação dos Municípios de Entre Rios (SC);Maravilha;Cunhataí
SC;AMERIOS-SC;Associação dos Municípios de Entre Rios (SC);Maravilha;Flor do Sertão
SC;AMERIOS-SC;Associação dos Municípios de Entre Rios (SC);Maravilha;Iraceminha
SC;AMERIOS-SC;Associação dos Municípios de Entre Rios (SC);Maravilha;Maravilha
SC;AMERIOS-SC;Associação dos Municípios de Entre Rios (SC);Maravilha;Modelo
SC;AMERIOS-SC;Associação dos Municípios de Entre Rios (SC);Maravilha;Palmitos
SC;AMERIOS-SC;Associação dos Municípios de Entre Rios (SC);Maravilha;Riqueza
SC;AMERIOS-SC;Associação dos Municípios de Entre Rios (SC);Maravilha;Romelândia
SC;AMERIOS-SC;Associação dos Municípios de Entre Rios (SC);Maravilha;Saltinho
SC;AMERIOS-SC;Associação dos Municípios de Entre Rios (SC);Maravilha;Santa Terezinha do Progresso
SC;AMERIOS-SC;Associação dos Municípios de Entre Rios (SC);Maravilha;São Miguel da Boa Vista
SC;AMERIOS-SC;Associação dos Municípios de Entre Rios (SC);Maravilha;Saudades
SC;AMERIOS-SC;Associação dos Municípios de Entre Rios (SC);Maravilha;Tigrinhos
SC;AMEOSC;Associação dos Municípios do Extremo Oeste de Santa Catarina;São Miguel do Oeste;Anchieta
SC;AMEOSC;Associação dos Municípios do Extremo Oeste de Santa Catarina;São Miguel do Oeste;Bandeirante
SC;AMEOSC;Associação dos Municípios do Extremo Oeste de Santa Catarina;São Miguel do Oeste;Barra Bonita
SC;AMEOSC;Associação dos Municípios do Extremo Oeste de Santa Catarina;São Miguel do Oeste;Belmonte
SC;AMEOSC;Associação dos Municípios do Extremo Oeste de Santa Catarina;São Miguel do Oeste;Descanso
SC;AMEOSC;Associação dos Municípios do Extremo Oeste de Santa Catarina;São Miguel do Oeste;Dionísio Cerqueira
SC;AMEOSC;Associação dos Municípios do Extremo Oeste de Santa Catarina;São Miguel do Oeste;Guaraciaba
SC;AMEOSC;Associação dos Municípios do Extremo Oeste de Santa Catarina;São Miguel do Oeste;Guarujá do Sul
SC;AMEOSC;Associação dos Municípios do Extremo Oeste de Santa Catarina;São Miguel do Oeste;Iporã do Oeste
SC;AMEOSC;Associação dos Municípios do Extremo Oeste de Santa Catarina;São Miguel do Oeste;Itapiranga
SC;AMEOSC;Associação dos Municípios do Extremo Oeste de Santa Catarina;São Miguel do Oeste;Mondaí
SC;AMEOSC;Associação dos Municípios do Extremo Oeste de Santa Catarina;São Miguel do Oeste;Palma Sola
SC;AMEOSC;Associação dos Municípios do Extremo Oeste de Santa Catarina;São Miguel do Oeste;Paraíso
SC;AMEOSC;Associação dos Municípios do Extremo Oeste de Santa Catarina;São Miguel do Oeste;Princesa
SC;AMEOSC;Associação dos Municípios do Extremo Oeste de Santa Catarina;São Miguel do Oeste;Santa Helena
SC;AMEOSC;Associação dos Municípios do Extremo Oeste de Santa Catarina;São Miguel do Oeste;São João do Oeste
SC;AMEOSC;Associação dos Municípios do Extremo Oeste de Santa Catarina;São Miguel do Oeste;São José do Cedro
SC;AMEOSC;Associação dos Municípios do Extremo Oeste de Santa Catarina;São Miguel do Oeste;São Miguel do Oeste
SC;AMEOSC;Associação dos Municípios do Extremo Oeste de Santa Catarina;São Miguel do Oeste;Tunápolis
SC;AMNOROESTE;Associação dos Municípios do Noroeste Catarinense;São Lourenço do Oeste;Coronel Martins
SC;AMNOROESTE;Associação dos Municípios do Noroeste Catarinense;São Lourenço do Oeste;Galvão
SC;AMNOROESTE;Associação dos Municípios do Noroeste Catarinense;São Lourenço do Oeste;Irati
SC;AMNOROESTE;Associação dos Municípios do Noroeste Catarinense;São Lourenço do Oeste;Jupiá
SC;AMNOROESTE;Associação dos Municípios do Noroeste Catarinense;São Lourenço do Oeste;Novo Horizonte
SC;AMNOROESTE;Associação dos Municípios do Noroeste Catarinense;São Lourenço do Oeste;Quilombo
SC;AMNOROESTE;Associação dos Municípios do Noroeste Catarinense;São Lourenço do Oeste;São Bernardino
SC;AMNOROESTE;Associação dos Municípios do Noroeste Catarinense;São Lourenço do Oeste;São Lourenço do Oeste
